candidate_id,nn_dist_to_train,abs_err
Al(IO3)3__NPB,0.10940417066129979,0.049822752690030114
Al(TeCl2)2__NaP3(PbO3)4,0.03599851154592018,0.09525880287359323
Al2Cd3(GeO4)3__SCl,0.10882248888359457,0.07503088791653445
Al2CdS4__K5As3O10,0.07190532560453242,0.6468035291969387
Al2CdTe4__Li4GeS4,0.07664808030829516,3.4832055236303097
Al2PbSe4__Na5Al3H14,0.2792184757149328,1.6799730652287979
Al2PbSe4__SbPO5,0.042252486944609306,0.22416799135254983
Al4CdO7__Te(S2O7)2,0.04323492982351103,0.17436392081799656
AlAs3S5Cl4__Na3As4H5O14,0.3250115887605343,0.749273384450065
AlAs__KH2N,0.05890336580438117,0.303558625032041
AlGaAs2__NaGaO2,0.06507693327340927,0.31759088372117317
AlI3__NaAlI4,0.16150917336586607,1.6756163742528671
AlI3__TeHO3,0.04069169215893702,0.10665357275319298
AlPI8__Na4SnO4,0.23897418880921178,6.5895034746414
AlP__Na2Zn(GeS3)2,0.22423405684210682,2.242497544623133
AlP__Zn(GaO2)2,0.08343719395796796,1.3797402219427701
AlSb__GaS,0.051098354135305606,0.9762527113946333
AlTeCl7__CaPbF6,0.08908161018024596,1.0835117677138602
Alq3__Ti6CCl14,0.18352534146198912,0.024383909470452103
As(BrF2)3__KSn2Cl5,0.024703270783655792,0.0539197787902439
As2Pb8O13__TiCl4,0.16503889854859274,1.3521655716325174
As3Pb5ClO12__H2SeO4,0.18289270350346049,2.3103366545341144
AsClF8__Ca3(SiAs2)2,0.41729472301273335,0.03510497676483881
AsClOF8__PbBr2,0.12180577441579532,0.14425021753951306
AsI5F6__Ca3In2(GeO4)3,0.21033900360694183,0.02231218047807193
AsSe6IF6__Ca5(IO6)2,0.12111462154423966,0.09259996323143449
Br2O3__LiGaTe2,0.11328780930083676,0.03335417606007818
BrF3__NaCa2IO6,0.239261728346361,0.01836985092271526
BrF5__K2ZnTe2,0.17600839603023616,0.035557572116987846
BrNO3__Ca2As2O7,0.1217660847372087,0.03319476907450225
C__KH2(IO3)3,0.0683784960831473,0.4791738361399025
C__Si2H2S3,0.025394981426410217,0.43891643034229855
Ca(CdP)2__SBr,0.15314681152409446,0.036002124280778425
Ca(Ga3Te5)2__LiZnN,0.007431901496362159,0.10796357639604448
Ca(GaSe2)2__KAlSe2,0.14659762093103768,4.707529865306389
Ca(GaSe2)2__Na2Li3GaO4,0.10207250234882316,1.4293675448169416
Ca(ZnP)2__Ca2Si,0.048078982697049015,1.9010715615407316
Ca(ZnP)2__SbI3Cl8,0.15286587581280298,0.035322071981121805
Ca11AlSb9__Sb9S4F39,0.05408762130622384,0.015168302661211719
Ca11InSb9__Ga2PbO4,0.03355652363486214,0.9236432422909187
Ca11InSb9__S(IO3)2,0.2099899108234788,0.024067138344659345
Ca11InSb9__Zn3PBr3,0.10742147655082622,0.06612189827102011
Ca11Sn3C8__Cd7(P2Cl3)2,0.05289232955130033,0.023551408648697425
Ca11Sn3C8__Sb6S2O15,0.07889691098321099,0.08991011602147747
Ca21(Zn2As9)2__K3As11,0.20341184311201843,0.23899283502740734
Ca21(Zn2As9)2__NClO3,0.3308303158536881,0.035789661462644506
Ca21(Zn2Sb9)2__ZnSeO4,0.07337504983084138,0.02704145983439865
Ca2Al2Sn2O9__IO2F,0.21752572393109929,0.03991408032938626
Ca2As2O7__GeBr2,0.10015596943841559,0.17557473465173734
Ca2BrN__Sn2(SO4)3,0.18685180462788886,1.6745180046623451
Ca2Ge__KH3(SeO4)2,0.21327529224446204,0.17785035052264764
Ca2Ge__P3HT,0.5334227048889291,0.03123221812103605
Ca2Ge__Zn2AsHO5,0.11643225107028088,0.037731773332084995
Ca2HN__CaSb10(S3O5)2,0.07982567075407043,0.9441898721159911
Ca2PI__K2TiCl6,0.21050103270804155,1.215161702163194
Ca2PI__NaIn(GeO3)2,0.3220635160261057,1.1000067582927842
Ca2Sb2O7__K3P11,0.21735394213679818,1.097282027922653
Ca2Si__CdI2,0.08647592533117235,0.04612197753954206
Ca2SnO4__Cd3(AsO4)2,0.040361981611566365,0.07603506449493569
Ca2Ti3O8__SbAs2Cl13,0.1508951353711086,0.06762740156781799
Ca2ZnN2__K6Ge2O7,0.050191171486101575,0.15450860111790465
Ca3(GaN2)2__NaLiTe,0.16870438608361343,1.6116331897621132
Ca3(GaP2)2__Al2Se3,0.0325746896072849,0.23853924462791465
Ca3(GaP2)2__In2S3,0.15883307458248128,1.990440768142665
Ca3(GaP2)2__Zn(InSe2)2,0.18801870913088928,3.6659487523501118
Ca3(GeAs2)2__NaAsO3,0.010220053375416266,0.22191044751436628
Ca3(GeP2)2__SiH17S3N5,0.17899264216482766,0.04519290088489436
Ca3(Si4P7)2__Li2ZnSnS4,0.04291822816093625,0.7659035576750226
Ca3(SiP2)2__K2Ge2S5,0.017038702865097805,1.3592842389343782
Ca3(SiP2)2__S5(IO9)2,0.04554471958486883,0.021161641636924244
Ca3AlAs3__Na2SeO4,0.019463923348380954,0.4120240303271996
Ca3AlN3__Na3Sb3(AsO7)2,0.041284396153939765,0.25182948574172936
Ca3CdO4__KNO2,0.17461272063327274,2.6967543797747293
Ca3CdO4__NO2,0.12139717722777743,0.0252460653721851
Ca3GaN3__Na10Zn4O9,0.05779398607716845,0.2542741779802986
Ca3In2(GeO4)3__K2Zn(H2N)4,0.04174682495134898,0.7395364354431324
Ca3InP3__Pb2SeN2O9,0.051324030154685174,0.0409304719197463
Ca3N2__PbO,0.029578268478850974,0.011420854202397912
Ca3PCl3__K4SnSe4,0.11929832374770556,1.1479534622685084
Ca3PCl3__Na2Zn2Si2O7,0.11730691458134042,2.6571198414712986
Ca3PN__Ca3AlN3,0.05566242576876762,0.17530377494697902
Ca3PN__Na5SiAs3,0.057934442516632725,1.494817265342606
Ca4CN4__KSbO2,0.1304839154045234,0.36592526653480484
Ca4GeN4__K2CdGeO4,0.24184798920306125,1.726603124482912
Ca4Sb2O__LiInI4,0.024559340400463606,1.7685221955710424
Ca4SiN4__CaGeN2,0.21253909499249443,0.9440093826429634
Ca5(IO6)2__K3In(IO3)6,0.27378456047927735,4.9320466005066415
Ca6GaN5__Sn2OF5,0.11247150846162624,0.05946132825764394
Ca7SiN6__Ca2Al2Sn2O9,0.14475545057868663,5.662198322577373
CaAlH5__NaLi3(H2N)4,0.17466840737697653,3.5415866065196537
CaGaGeH__In4GeS4,0.1170214626147245,0.5086983526998015
CaGaGeH__Sn2S3,0.0185537188590939,0.034827488141033314
CaH3NO5__ZnF2,0.004302394580595735,0.20647549126556441
CaHN__AsI3,0.11453619347671418,0.9330368272649223
CaHN__K3SbS3,0.06829774587703064,1.1206513844812922
CaP__Ga2Te2Br7,0.041207398686770966,0.0413862691736413
CaS__K5In3(SiO3)7,0.0819654190808273,1.7508281679400808
CaSe__K2CdGeO4,0.1354624192403909,1.1382489880340596
Cd(GaO2)2__Ga10GePb3O20,0.06358547781818812,1.5003813477175492
Cd(GaSe2)2__K4SiO4,0.12167134105423058,3.9387748329791363
Cd(GaSe2)2__KP15,0.1376499273062898,3.9289825917292465
Cd(GaSe2)2__Na4TiP2O9,0.033178168655286104,2.3437407312197838
Cd(InSe2)2__TePCl9,0.1129446310157982,0.07914665659263864
Cd(InTe2)2__Ca4As3,0.09238861893348072,3.1489773537509844
Cd(SbO3)2__Na14Cd2O9,0.04996774808489421,1.7616639487911432
Cd2AsO4F__Br2O3,0.11858380555089029,1.5763527087256028
Cd2AsO4F__K2ZnSiO4,0.18255375689038095,0.21308878022520394
Cd2GeO4__ZnSe,0.06798801042359966,1.2707956813148618
Cd2SnO4__S3(NO7)2,0.058896354073365284,0.03608641757502884
Cd3(PO4)2__Al(IO3)3,0.23517897741598023,1.4911243813871262
Cd3(PO4)2__CdH3NO5,0.06838829943140431,0.26337189801821115
Cd3(PO4)2__K2LiAlH6,0.035801515017335465,0.07246779419811844
Cd3SiO5__K4P21I,0.04924013903404773,0.7959112333613403
Cd3SiO5__NaGaGeO4,0.08256763924685062,0.8043310480772652
Cd7(P2Cl3)2__P2H9(CBr)3,0.05737604340288355,0.27492519933479587
CdGeN2__Ga2I3,0.08168281700271042,3.621982947613466
CdHOF__Li2ZnGeS4,0.01312440488292909,0.022082688474566847
CdIn2O4__Cd2AsHO5,0.030451716834600313,0.12234936534245522
CdP14Pb__K4Ti3S14,0.03970666533834509,1.7888537620164189
CdP14Pb__Sb2Te2O9,0.049171438554232665,0.5994220757366238
CdPS3__K8Ti5P2(O4F11)2,0.09065127256027353,3.5610877128463008
CdSO4__InPO4,0.008695829123027132,0.6496055399926104
CdSO4__TiSnP2SO12,0.11788822185785647,2.042274238102427
CdS__CdI2,0.12863360472672283,3.5878796734644283
CdS__LiH2BrO5,0.03994898985142275,0.22312640962580765
CdS__Ti2PCl13,0.14145972022968492,2.611685943873593
CdSe2__Sb8(PbS5)3,0.25643522132873275,1.75886233390368
CdSe2__Si,0.04795501382582423,1.3863561800605502
CdSe__Na3H5(SeO4)4,0.09323698860017691,0.17869786505113483
CdSiP2__Ca7SiN6,0.14008620959399382,5.2479667546053115
CdSiP2__KZn4(SbO4)3,0.1898570199247774,1.439804161716688
CdTe__Na2S5,0.019799455142421745,0.6803161574159908
CdTe__SiP2,0.1528957442076006,3.4042806826781664
ClO2__SbCl(OF3)2,0.12951146995496068,8.005385924523125
ClO3__Ti(SO4)2,0.05288521208620716,0.02742157250994337
Ga10GePb3O20__CdH2SeO5,0.029755522681592397,0.3097137712586129
Ga10GePb3O20__K3In3(PO4)4,0.1556018979073092,0.6965738055531504
Ga2O3__LiIn(IO3)4,0.18374470296096673,3.333823906773766
Ga2PbSe4__Ca3CdO4,0.0334875935630669,3.2904520427173396
Ga2Se3__SbAsPCl13,0.04710977755140494,0.12048379698847489
Ga2Te2Cl7__KSb(PSe3)2,0.03879028313795475,0.5961693789543872
Ga2Te5__P3BrCl14,0.11672160792790684,0.05653391328864554
Ga2TeSe2__Li2CdSiO4,0.21636694166068696,1.5700168440910476
Ga7Te10__K2GeTe4,0.13469315164893708,1.6863498227572038
GaHO2__GaBr2,0.1359334063242946,1.8561846664481267
GaN5O14__SnS2,0.2252377820593669,2.8575935440868356
GaN__TePb5O8,0.13967403830837496,0.3644295735622787
GaSb3Pb4O13__Li2GePbS4,0.20210802173312084,6.374508071085202
GaSbO4__LiGa5O8,0.045650785142313376,0.6430119524396272
GaSbO4__Zn3Te2P2(PbO7)2,0.04585729766106572,0.10351621317499893
GaSeBr7__ClO2,0.1413125158136989,0.02721294815106967
Ge2S3Br2__Ca3Al3N5,0.04626537101963901,0.04010429396924353
GeAs__PI2,0.027498100375675703,0.2617877619734239
GeBr4__In2(Se2O5)3,0.02432696605355019,1.597862211444198
GeClO2F5__K6Zn4Sn5S17,0.05424622709053979,0.02952357458086219
GePbS3__Zn3PBr3,0.15070143904455227,2.0918800941422635
GeS2__SbClF8,0.10895773745695282,0.0940178570438337
GeS__NaHO,0.11479169772191654,1.7298245821880553
GeS__SnBr2,0.10015911043589693,1.489167673215628
GeSe2__NaAsS2,0.16453599906482397,1.7454741418334883
GeTe__K2CdSiO4,0.04262031195772941,0.09365843613386504
GeTe__LiPH21S3N7,0.15029903386885743,0.14401806432432362
HI3__LiInI4,0.13258634028312793,0.10769174789895164
HI3__Na3CdPCO7,0.18465370818853752,0.15599704901012856
HS2IO8__ZnH2SeO5,0.096487835889955,2.08208262189342
IBr__K4Ge(PS3)4,0.01096546688246956,0.0191192554965105
ICl3__GaP,0.10595073560284983,0.03523415023386356
ICl3__Na2SnO2,0.06036708577148353,0.022164740878542588
ICl3__Na2Ti2Se9,0.09502600070323618,0.016553937679520292
IF7__Ca2PbO4,0.1857609432012962,0.031487562432913396
IO2F__K2LiAlH6,0.16906552426787366,0.026534970265562396
In2(CN2)3__LiTi2(PO4)3,0.17485310761769116,3.2720714487341014
In2(PS3)3__K2H6PbO6,0.2807955343503969,3.089416751194606
In2(PS3)3__Sb7Se8F35,0.025932280160293062,0.13178360528393362
In2(PS3)3__TiPCl9,0.09169218136878399,0.9611490352702872
In2(Se2O5)3__SnPO4F,0.08398240702036065,0.07989216470216398
In2(SeO4)3__NaTi2(PO4)3,0.028807162055379424,0.18718515278139658
In2(SeO4)3__NaZnSiHO4,0.07034137352373022,0.9228667608452072
In2Si2Pb2O9__H4CSN2,0.04875209919661328,0.17691931879454614
In3SnI5__Na2Se2O7,0.05449047132481598,0.6248117814685794
In4SnS4__CaGeO3,0.07730000044928444,0.2604393193293255
In5S5Br__AlPI8,0.19547050702189228,1.4427949232809616
In7Cl9__Li2GeTeO6,0.29258877762995605,0.8518911703401277
InAsH2O5__Zn3TeAs2Pb3O14,0.2571136091786045,2.60188647224214
InBr3__Al2(SeO4)3,0.1490880153835392,0.44694776000309605
InBr__NaPS3,0.32171703545857294,2.185914870178678
InI2__SbAs2Cl13,0.0909930228811803,0.3312563460038729
InSb2S4Br__KNO3,0.1439569902127568,1.0732691139581754
InSb3F18__NPB,0.05151609017149647,0.05078819106185195
InSbS3__CaPSe3,0.27980179781573433,4.040354307550989
InSiTe3__K(GeAs)3,0.18071727399747622,0.6829914362998701
InSiTe3__SbBr3,0.07247151698410222,0.5557981540390218
InTeO3F__Ca(Ga3Te5)2,0.12558346540544596,0.04020223970235692
InTeO3F__ZnCN2,0.14503496382213885,0.5372700157824727
K(SiAs)3__AlICl6,0.04920607002328402,0.13786115918019926
K(TeO3)2__ClF5,0.3471514060454246,0.035757307889151324
K(TeO3)2__Ge(PbS2)2,0.22293285551623804,2.3683470439965486
K10In5Sb9__Na2In2SiS6,0.10415002364045826,0.30719383410827517
K10Zn4Sn4S17__Sb9S4F39,0.12233416235612611,0.06730902380112314
K11Cd2Sb5__K2In2P3Se10,0.1573770170529893,2.7272724679863947
K11Cd2Sb5__K4Sb2O5,0.08154197721214211,0.387426227126217
K14In4O13__Sn3(PO4)2,0.07696253655852373,0.143195607394913
K14In4O13__Zn3S2O9,0.03462866035737361,0.03838657985056848
K14In4O13__ZnO,0.0268485050032286,0.03791992391260113
K2Al2Sb3__GaN5O14,0.08423738459055774,0.05324766539880743
K2Al2Sb3__In2Se3,0.19528948659948958,1.7263142869115604
K2Al2Sb3__Na2TeSe3,0.05640077658190855,0.1401627492362434
K2CdGeO4__AlInS3,0.11112086141542685,1.8501167041387772
K2CdGeO4__Na3In(PO4)2,0.26785268377010657,2.915424764353599
K2CdO2__Cd2Te2O7,0.0536696598981802,0.30744471656983263
K2CdSiO4__GaSeBr7,0.057143396591705996,0.5953721955771258
K2CdSiO4__KGaO2,0.2240141693091622,4.016927675974131
K2Ga2As3__K4PbO4,0.10556317548375796,1.0997713494907364
K2Ga2As3__K6CdO4,0.07255359145385537,0.18894857978991197
K2GaAs2__K2NaGaP2,0.13771003250493316,0.6717060916161559
K2GaAs2__Li2Te2O5,0.030139371725596675,0.055330664734576374
K2Ge(IO3)6__Si2H2S3,0.058615611708362374,0.6180434260164556
K2Ge2Se5__AlH3,0.13134106965249695,0.355706693928064
K2GeAs2__Cd4As2Br3,0.047765046112563915,0.0331241603179131
K2GeSe3__CdPbF6,0.05401717383608796,0.181910032537004
K2GeTe4__Na2CaSn2(GeO4)3,0.2138422180523362,1.5060392329608958
K2GeTe4__Na2In2GeSe6,0.09833964999221052,3.3570572020872964
K2GeTe4__Na3GeSe3,0.14596400037242455,2.9127038731118686
K2H6PbO6__K4Ge9O20,0.16039158473128418,6.482240176894081
K2In(PSe4)2__Na2Cd3(P2O7)2,0.03880920001384484,0.24285762255443544
K2In2P3Se10__Ti6CCl14,0.13470699834458782,0.10896395349515009
K2Li(H2N)3__NaIn(GeO3)2,0.1747537141974756,1.367750527796232
K2LiGaAs2__Ca3Zn3(TeO6)2,0.040245963063084894,0.33918733917813926
K2LiGaAs2__Sb2O5,0.1085790861071702,0.02455295431211546
K2Na3SiP3__CaSnN2,0.09862111875421563,1.3259145945655044
K2NaAlH6__Zn3Te2P2(PbO7)2,0.07306702498893701,0.14591155430024605
K2NaAlP2__Cd4As2Cl3,0.08821330736491587,0.03513439475661917
K2NaH10IO10__KSiSbO5,0.18064416487764337,0.6219110453758098
K2NaInAs2__NaSi,0.10374527520673511,1.8624073140110275
K2NaInSb2__Na2Zn2O3,0.03204852330465242,0.05993258368265808
K2O__K6Pb2O5,0.1943981082827475,2.638071139352604
K2PS3__NaCdF3,0.1398276703915495,0.4787205506033816
K2Pb2O3__Ca2PN3,0.10923031645521354,3.272297598228252
K2PbO2__GeAsSe,0.05546860229080531,0.07595099673495609
K2PbO2__K4SiO4,0.13606260538066772,3.1352828751074506
K2PbO2__K6Sn2S7,0.10585911906657784,1.595446928678699
K2Sb4O11__Al2Te3,0.21443456403553765,0.8365995855377049
K2Sb4O11__GeBr4,0.02866190213860075,0.12316358747356349
K2SbCl5__AlInS3,0.03042192055461415,0.3168229633949984
K2SbPO6__Na2Ti6O13,0.23267840686888402,3.2638105674083597
K2Se5__K3AlSe3,0.04864075034239983,4.884534417491707
K2Se5__Na2SnO2,0.044592660448100105,0.3881258769168663
K2Se5__NaAs3(PbO3)4,0.034603611980696516,0.07351356256563157
K2SiAs2__K2TiAl(PO4)3,0.04137586525858014,1.2215978361772244
K2SiAs2__Li2ZnSnS4,0.0446841157446855,0.5307948828767686
K2SiP2__GaSbO4,0.09629100426437558,0.6261171179938145
K2Sn(AsS3)2__Na2In2SiS6,0.10473093321804423,4.98131569829671
K2Sn(AsS3)2__Zn(HO)2,0.026714864013413428,0.24941136872451297
K2Sn(S2O7)3__Zn2NCl,0.022705606900020204,0.0847719579175199
K2Sn2O3__Ca5P8,0.10373598458375563,1.8733387049377253
K2Sn2O3__Li2Ti6Zn3O16,0.15972346821290695,3.934605945736946
K2Sn2Se5__CaSb10(S3O5)2,0.03578100924467909,0.30817799910055754
K2Sn2Se5__InSb3Pb4O13,0.1016713609183714,1.398617472090224
K2SnO2__SeO2,0.07644779733693283,0.0631557317595135
K2SnTe3__In2(SeO4)3,0.08668259694828587,0.7657277559678186
K2TeSe3__CaTiO3,0.29639142452478434,5.298631605902115
K2Ti2O5__CaGeO3,0.05444139131270469,0.5852742447193079
K2Ti2O5__Rubrene,0.3369906524119022,0.03924091707358146
K2Ti2O5__Zn(SbO3)2,0.3097676955075183,0.8072617701124858
K2TiO3__Al(IO3)3,0.028592028203711328,0.22066493378480923
K2TiS3__TCTA,0.4034744592482419,0.049284505901887155
K2TiSi3(HO5)2__As2Pb3O8,0.07634391682632893,3.8110471106827535
K2Zn(SnSe3)2__Al2PbS4,0.2067996923798559,3.176788886645487
K2Zn3O4__NaInSe2,0.0634587184065635,1.7838133065850026
K2Zn3O4__Zn2Te3O8,0.05214974022574468,0.41132671981423874
K2ZnSe2__KH2(IO3)3,0.07361794988731102,0.15423675820556992
K3Al2As3__Na2Cd(GeS3)2,0.016533141163406442,0.35988620847958464
K3AlSe3__Ge19(AsBr)4,0.11032762449259761,0.030634883614357733
K3AsO4__InAs(H2O3)2,0.09309785453742106,0.35994642463297266
K3AsS3__Ca2Al2Sn2O9,0.19590528184542821,0.9829326916288178
K3AsSe4__Ca2Al2Sn2O9,0.06351401365342807,1.9742717812735184
K3Ga3As4__KSn2(PO4)3,0.09461160232301863,0.10402004206626447
K3GaO3__KGaO2,0.1537844043343395,4.28225561930233
K3GaO3__PbSe2O5,0.022711332213992633,0.07909183215451998
K3GeTe3__CaH3NO5,0.0941011634729247,0.1484592465110688
K3GeTe3__Li2SnSe3,0.09775470039713767,1.3185215308362501
K3Li3TeO6__TeBrO3F5,0.18973086159191438,0.02272903904961776
K3LiGe4__Li2GePbS4,0.01308856400118856,1.2206046987644883
K3LiGe4__P2H9(CBr)3,0.08018767693750123,0.03642035686131706
K3Na2InO4__K3SbSe3,0.053706275690520354,0.926850247259015
K3Na2SnAs3__K2Al2Sb3,0.201054348353245,0.6353167551639212
K3Na2SnAs3__Na2LiAlP2,0.20754581562528587,2.6891094588166355
K3P11__KF2,0.02623155594123675,0.17342074941007324
K3SbO4__NOF,0.24477231629594598,0.037638968110516924
K3SbO4__Na2GeO3,0.15781869075930754,4.620383517692929
K3SbSe3__Te2O3F2,0.14293587484971274,0.025565363253701623
K3SbSe4__KGe,0.01939300052200112,1.5480987368891777
K3SbTe3__TePbO3,0.02810885050423454,0.08030838376437988
K3SnSe3__LiGaO2,0.026987475402815386,1.6056235392611364
K3SnTe3__CaC2,0.33740420079305994,0.7749943480817376
K3SnTe3__K6Na3AlSb4,0.08602963147413263,1.9677562409859561
K3TiCl6__CaAlH5,0.06900004845689359,0.13543924930307139
K4As2Se5__SiP,0.147990901506657,1.0050199908998811
K4CdAs2__CaSn(SO4)3,0.03912073111350912,0.3910958898174788
K4CdAs2__K3Al2As3,0.31258075932308416,4.8920590468546985
K4CdAs2__K5InO4,0.15678007912353892,3.934235597631388
K4CdAs2__KSn2(PO4)3,0.16583228060131378,0.15046075657278557
K4Ge(PSe3)4__Ge(PbS2)2,0.13985134618544717,1.5220070781222852
K4GeSe4__K7NaGe8,0.014032410324057967,0.7120768010784664
K4I2O9__KInAs3H7O13,0.048209917266865514,1.2399432722064907
K4I2O9__Li2GeN2,0.2635254064725506,4.368352790365861
K4I2O9__SbBr(OF3)2,0.06655890593620203,0.02661222983675371
K4I2O9__Zn4SiTePbO10,0.1011039249614888,2.129568972550569
K4Na2TeO6__TiP2O7,0.04575268442136056,0.14989734535986177
K4P21I__Ga2Sn2S5,0.12712682142672999,1.1242577465505552
K4PbO3__SICl7,0.057025647634359376,0.020883601665838025
K4PbO4__KLiS,0.02506179179651088,0.6507096634503045
K4PbO4__LiAlSe2,0.060580271505090835,1.1165811499176994
K4Sb2O5__Ga3Sb7(S4Cl7)2,0.17790582756953308,2.256214627907043
K4SnSe4__CdSe,0.07929784073704467,0.804104609528042
K4Ti3S14__K2In2P3Se10,0.1903449691610734,1.8706071154243886
K4Ti3S14__P4S9,0.050840727678954374,0.03610234302657567
K4TiSn3(PO5)4__GaSeBr7,0.04575631261951078,0.1654007768284651
K4ZnAs2__Na2SnO3,0.04898429604385012,0.19500012696303015
K5GaSe4__CdSnP14,0.051548051712871135,0.1856300609411825
K5In3(SiO3)7__SnTe3O8,0.06839538250139958,0.26140718054426104
K5LiGe2O7__KH,0.04904437712982893,1.274981752408472
K5Na(Ti2Se9)3__SbF4,0.24949348714593994,0.11132975486476937
K5SnAs3__CaTi4(PO4)6,0.029230637067987387,0.07058148053300561
K5SnAs3__Na3P11,0.09411804334533402,1.8044980845969245
K5Zn4Sn5H4S17N__Cd(InS2)2,0.05993362279471273,1.5706235317016326
K5Zn4Sn5H4S17N__Na2Ti6O13,0.09265715273052509,0.637806990551931
K6CdO4__Na2TiGeO5,0.14292230441994053,2.9521530304619326
K6CdO4__NaNO3,0.045053914403792604,0.27185489125424134
K6Na3AlSb4__Na4CdP2,0.19412972046694452,3.5851560027392795
K6Si2S6O__Na3H5(SeO4)4,0.09217425455930583,1.94343281359221
K6Sn2S7__Sn2OF5,0.09186126666840652,0.02688771652861588
K6Sn3As5__AsClOF8,0.2112714209513484,0.048047323073641124
K6Sn3As5__TiGeS3,0.08498400844254032,1.4923178195078715
K6Ti2S6O__PbBr2,0.11650961643578514,0.8239905172646769
K6Zn4Sn5S17__LiTi2(PO4)3,0.0924416992900879,0.5568297589828435
K6Zn4Sn5S17__NaSbCl6,0.12191081547175367,1.1092900869947417
K6ZnSe4__As3Pb5ClO12,0.107722404576733,0.08495027705972058
K6ZnSe4__CaTiN2,0.2864738573229097,1.5922615317340454
K7LiSi8__K2SnO2,0.1278048082460807,0.855087747936845
K9InSe7__GaAsO4,0.04191841310309916,0.14663357563389967
KAlTe2__Ca3(AlN2)2,0.056207582608645404,0.5605017084656826
KAlTe2__Li3SbO4,0.06455442603892268,0.21078998592685672
KAlTe2__PTCDA,1.1066745713222883,0.03884808639526094
KAs2HO6__Al2CdS4,0.14572426275098752,1.040280928533467
KAs2HO6__P2Pb4O9,0.10937930360625533,1.6225521543904877
KAsSe2__Zn(NO3)2,0.019395284285917788,0.041144515326584585
KAs__Li4SnS4,0.09702300099228707,0.07387986531629087
KBrF4__ClF5,0.08556837214845403,0.03847582888092971
KCO3__Ge19(PBr)4,0.05692328304438193,1.0406558179916048
KCa(H2N)3__Ca5(IO6)2,0.13203666995088645,0.9370252020496612
KCdGeAs2__Cd3(PO4)2,0.04343070493337659,0.16125377059655843
KCdGeAs2__InCl,0.013018751737491879,0.3143479324254663
KGaGeO4__NO3,0.08280908560347694,0.05843513838165615
KGaI4__SbS8Cl3,0.12267671295153312,0.08125817891918574
KGaSb2__GePbS3,0.06809062982744168,0.046173593851689176
KGaTe2__SbCl5,0.1093391873448138,0.034155377605711745
KGe__AlSCl7,0.023872877181636658,0.07149048385555368
KGe__K6Se2O9,0.023875708325708143,0.04169138987499865
KIO3__NaCdPO4,0.09126466025102327,0.49980011472495567
KIn(TeO3)2__BrF5,0.07923553535314776,0.029218622594453514
KInAs3H7O13__LiGaS2,0.12766562781005567,1.9784850351174335
KInBr3__KGeCl3,0.12893877217982228,1.435669108625761
KInO2__KIn(TeO3)2,0.14070817007924663,2.8540242720554136
KInSnSe4__SiS2,0.05827103420056482,0.26983716895133947
KLiS__AsS,0.07580793767667868,0.04079343559296511
KNa4GaO4__Na2SnO2,0.1187154280880808,2.23665901498533
KNa4GeAs3__KGaGeO4,0.09187409055273814,0.11313360582293885
KNa7Pb2O7__K3Na2InO4,0.20121585447811105,3.9659614544816573
KNaGeO3__Sb9S4F39,0.1327357792111734,0.042786714158508765
KNaS__CdS,0.08359031262338994,0.08669182493532102
KNaSe__Al2Cd3(GeO4)3,0.022929682710962605,0.11526259235754654
KNaTe__KGaI4,0.17018486054040047,1.6860369008147342
KNaTe__SnBr4,0.037265766850644644,0.028613441677043827
KP15__K3Li3TeO6,0.027281716936790417,1.0143865362504356
KPS3__AsClF8,0.1412781637142038,0.047922444480274606
KP__K6ZnSe4,0.18992895202438922,1.068588373265428
KPbO2__K2ZnS2,0.2921429914949175,0.9068895358956619
KSb(PO4)2__Ca3Ga2(GeO4)3,0.10911017512010633,0.8389985754687772
KSb(PO4)2__Li2Se,0.12282381036741981,2.0247391202842566
KSb(PSe3)2__KH(IO3)2,0.03950040915757659,0.8532623502847896
KSb(PSe3)2__NaTi2(PO4)3,0.2184678722132982,2.8008137884674786
KSb2PO8__K2Zn(SnSe3)2,0.07802690143647716,1.0405282189055105
KSb3O5__LiC,0.07965783954654163,1.3206524519090337
KSb5S8__KGaTe2,0.11931203112701884,1.957275081718738
KSbO3__K2Zn(GeO3)2,0.08001088882890121,2.6998038078417004
KSbS2__Al2ZnS4,0.15837010299691595,4.220607151820023
KSbS2__BrF3,0.07571154162028558,0.042286092003410936
KSeO2F__K2SbH5O6,0.10940308906851669,2.068042388298089
KSi__KInP2S7,0.06228208801173317,1.0644651527248852
KSn2(PO4)3__TeCl4,0.0765808878007951,0.08464417470436647
KSnAsO5__TiSnP2SO12,0.13545238767926138,1.2857682215855681
KSnAsS5__LiPH21S3N7,0.027264842800587826,0.5227301229932326
KSnPS4__NClO3,0.056958424847309244,0.0313242481987972
KSnS4__Cd3SiO5,0.1109546234573232,0.06725518090149896
KSnS4__CdHOF,0.06219203443110777,0.027927989720753832
KSnS4__Na6Ge2S7,0.18170788648488312,1.9439017089700323
KSn__TeO3,0.08863492234690776,0.05029924061016322
KTeP2__AsSe6IF6,0.14697800512724735,0.02108626807230518
KTeP2__Ti6CCl14,0.023708913868373354,0.10231243562967629
KTe__PCl5,0.1389653317839187,0.0548148132383508
KTi2(PO4)3__KICl4,0.07837782433616539,0.7338203289239562
KTiPSe5__Na2LiGaAs2,0.08818230815450388,2.0567088713427832
KTiPSe5__ZnCN2,0.10645167236683992,0.18927664179629078
KZnP__Li10Zn4O9,0.10963968505672984,0.42318701957909655
KZnSb__In6Te10Pb,0.12358154425295707,2.936017953557705
KZnSb__Na2CaTi2(GeO4)3,0.07594966551000183,0.8751611558284396
Li10Si(PSe6)2__In2(CN2)3,0.06974901407018297,0.6326328763359643
Li10Si(PSe6)2__KSnI3,0.10388638365010859,2.6517386422029636
Li10Sn(PSe6)2__NaInS2,0.041131874555667976,0.8927091937136966
Li10Zn4O9__SbAs2Cl13,0.03002654403362384,0.4939662100754214
Li2Ca(SiN2)2__AlAs3S5Cl4,0.08288004629759527,0.08981356720647726
Li2CdGeO4__Rubrene,0.12369421503297161,0.03775714002485886
Li2CdGeS4__CaSiN2,0.16226640738559145,1.56903843466903
Li2GePbS4__AsClF8,0.15363166147007318,0.0494082164436187
Li2P7(H3N)9__In3SnI5,0.04179082704793021,1.3117815345263075
Li2P7(H3N)9__NaHS,0.076554338467447,2.684397625080779
Li2P7(H3N)9__P2Pb4O9,0.21591370716001554,2.622752915969058
Li2S__P2Pb3S8,0.05529614934211193,0.2814366699246187
Li2SnN2__KIO4,0.14105192010486897,2.6305974102476255
Li2SnO3__CaTe2O5,0.11481986891814044,2.806031218288743
Li2SnSe3__Na2PS3,0.05236700319511508,0.8703525345607959
Li2SnTeO6__Al2ZnSe4,0.1389796677801521,0.5845143634743257
Li2Te2O5__K6Ti2O7,0.05127986862079278,0.9277696916157407
Li2TeO4__Na4As2O7,0.2766419127540971,1.5013013641533761
Li2TeS3__Cd(NO3)2,0.09258684698700312,0.35263386416827647
Li2TeS3__CdI2,0.11794480732901325,1.4306627208769613
Li2TeS3__K2ZnSe2,0.08014476196044078,5.290512259279238
Li2TeS3__Na2Sb4O7,0.20334028344949018,2.779313964913082
Li2TiO3__Sn(SO4)2,0.02594720727910822,0.187552437394233
Li2ZnGeO4__CBP,0.1216941095145736,0.03438747436244549
Li2ZnGeS4__CBP,0.3021334954044484,0.037788392502501544
Li2ZnGeS4__Li2P7(H3N)9,0.15177415839897573,1.5318030726436158
Li3As7(H3N)13__Na2Se2O7,0.14857000892355837,5.192248391022529
Li3AsH16(SO2)4__KBrF4,0.22977783243168604,0.8006371448920687
Li3As__CdIn2O4,0.07449706956445624,2.812242694397695
Li3N__K2O,0.2304537582554208,6.880099735874971
Li3P__InBr2,0.022201224815688227,0.15403119514738695
Li3SbS4__K2SbCl5,0.18705186663042062,3.0144475652289375
Li3Sb__AsS(IF3)2,0.19754985245287301,0.046782951276274076
Li4PbO4__TeS7Cl2,0.12468113726439645,0.028550997883256546
Li7PSe6__CdI2,0.05812688597721547,0.30770984239465715
Li7SbN4__Na2GeTeO6,0.1326620112168631,3.8411098691580765
Li7SbN4__Ti5(PO5)4,0.08986181845166921,1.354404725053799
LiAl(PS3)2__K2Ti(SiO3)3,0.28296361252631785,2.767947782999608
LiAlTe2__K3As(PSe3)3,0.014960563604089636,0.9305920735292699
LiAsS2__Ca2Si5N8,0.07816175251084093,0.23720556619773614
LiAsSe2__NaAs3H2O9,0.05259949363575535,0.3208026883906019
LiAs__NaS,0.20143665120971738,4.9437394152104135
LiCa11Sb9__KPSe6,0.10590341952518217,0.33815767901766947
LiCa3As2H__SiI3,0.01706886134431633,0.18771763273597886
LiCaGaN2__In3SnI5,0.19298666687735222,1.8446564726124597
LiCaP__Ca2Al2Sn2O9,0.0240329151145658,0.5750571957969017
LiCaP__KPS3,0.14426367411876245,0.26579116827539817
LiCaP__NaTi2(AsO4)3,0.013311497926996152,0.05086361579241361
LiGaO2__SnPCl9,0.0835625651498543,0.11697821392604935
LiH__Li3AlN2,0.09603780090568916,2.461389906514018
LiIn(CN2)2__K4TiO4,0.23549521700835496,1.9907878960083563
LiInO2__InPS4,0.12782765814914365,1.0071279370459012
LiInSe2__CaHN,0.02455197918880887,0.19973460707433466
LiInSiO4__AsN(OF3)2,0.04070589570556998,0.025588907204633138
LiInSiO4__TiI2O7,0.018867864519083788,0.2980180382370805
LiInTe2__GePbS3,0.05703989223018436,0.0945841089055035
LiNO3__Ca5(IO6)2,0.1269374486544668,0.8446050752879397
LiP__KP,0.18999572938916953,0.817404517834024
LiSb3O8__TeSe,0.13807566479269465,2.3339250849699686
LiSbO3__NaLi3(H2N)4,0.22074641235631515,1.06159731940915
LiSbO3__Ti(NO3)4,0.007756645995833003,0.5786141374218734
LiTi2(PO4)3__ZnI2,0.0949168321595565,0.35710465090425214
LiTiAsO5__AsSe6IF6,0.06919388427576931,0.11160817999473593
LiZnAs__LiGa5O8,0.07422372854586935,1.7049433592508656
LiZnN__Ca(AlSe2)2,0.1531739028422021,0.8598642535891177
LiZnP__TiSO5,0.07794839878196173,0.6034396509783182
LiZnP__ZnPbF6,0.04088734738877553,0.1790603329390672
LiZnSb__Si(PbS2)2,0.058441828778559336,0.24244518436581686
MEH-PPV__NaP3(PbO3)4,0.07970350323032638,0.01330024696142651
NClO3__NaPS3,0.1511816311772995,0.02207281580440279
NClOF4__As2S3,0.04674156549369505,0.014612465476055547
NF2__Na3AlH6,0.4417115729798077,0.034368611690124506
NO3__Sb2IBr2F11,0.15649556904476902,0.5868496801395983
NOF__LiTiAsO5,0.18829277171518538,0.027705657290765018
Na(GeP)3__LiInSiO4,0.026185085596686187,1.5543109227295906
Na10Zn4O9__Na5IO6,0.1164881662625535,1.5117573798472863
Na14Cd2O9__Rubrene,0.22918668480656848,0.04103969080695835
Na2CaTi2(GeO4)3__KCd6P7O24,0.08848045203011799,0.9688102313775273
Na2Cd(GeS3)2__Na2Zn2S3,0.244919998049926,3.000071948375915
Na2CdH4(SeO5)2__PI2,0.04138255425402807,0.9807992276418274
Na2CdH4(SeO5)2__TiCdO3,0.1138896598698698,2.0903870068158796
Na2CdO2__TiPbO3,0.2064404820110551,2.6504032362342413
Na2GeSe3__K2Na(H2N)3,0.16031035346234698,2.147241634031206
Na2GeTeO6__InCl2,0.11899845610762401,0.5435277135684191
Na2In2GeSe6__Li5SiN3,0.05663135037168788,0.2941058676957682
Na2In2GeSe6__ZnP2,0.09752177124546724,0.6246471245155396
Na2In2SiS6__LiC,0.1075789520513236,3.504956217328405
Na2O__Li5SbS3I2,0.18966605362310346,0.6135432734030066
Na2PS3__ZnSiN2,0.08351986791838777,0.7146358147192577
Na2PbO3__K3As11,0.08199497587511903,1.1574413824674608
Na2PbO3__SbCl5,0.053600186319602484,0.05286923801183718
Na2Si2Se5__K4GeS4,0.15802828319940931,0.5998117837983645
Na2Si2Se5__Te(HO)6,0.009312289830595224,0.04705981480877153
Na2SnAs2__CaTeO3,0.019377609891275443,0.13305085736495625
Na2SnAs2__SnPCl9,0.034127335690532654,0.266592894907967
Na2SnGe2(HO4)2__SbI3,0.031562612682037375,1.036633585646822
Na2SnGe2(HO4)2__SbOF,0.04519545848259265,0.13306723913583562
Na2SnGe2(HO4)2__ZnSeO4,0.07470818269000194,1.0375374739257723
Na2TeO4__PSe,0.13022108347185052,0.8648349021762487
Na2TeS3__LiIn(IO3)4,0.14979703209713052,4.374457459373807
Na2Te__KHS,0.031671938432239324,0.3217777524163856
Na2Ti2Se9__KIn(TeO3)2,0.00774489403444159,0.06716340195619441
Na2Ti3O7__As3Pb5ClO12,0.04551398738218529,0.20629445858933781
Na2TiS2O__K5LiGe2O7,0.09580039900528933,1.8214679316826645
Na2TiSiO5__Ca4Al6TeO12,0.11305386741434736,0.6706078554121828
Na2Zn2S3__SeCl4,0.09282338492877691,0.09130482376519478
Na2Zn2Si2O7__P2Pb3O8,0.18090279923698396,1.2998598472957865
Na2ZnH4(SeO5)2__ClF3,0.06666916845472261,0.03455235573079163
Na2ZnH4(SeO5)2__Te4P2O13,0.19490326275138214,4.137587882524137
Na2ZnO2__SnO,0.07266267889127538,0.5017727170653465
Na2ZnSe2__KSb3O5,0.17515737256699776,3.943565395075274
Na3AlAs2__SbSBr,0.06789781826560932,0.08846567530523197
Na3AlH6__K6Te3(H8O7)4,0.0380805766818141,0.20345017325740855
Na3As4H5O14__TePCl9,0.0925610415548582,0.5300124251830516
Na3AsO4__Ca2SnO4,0.07698500601387999,1.7450926215902272
Na3AsO4__KTe3O6F,0.11797899814538491,3.6522172529019445
Na3Ca3AlAs4__SnCl2,0.14214013174399978,0.06122207997489948
Na3In2(AsO4)3__KInAs3H7O13,0.12852873301118084,4.114065167681511
Na3PS4__K3SbTe3,0.07060400664844249,1.308639216026586
Na3PSe4__KTiPS5,0.13594729555994367,1.0893188285809106
Na3SiTe3__Ca3Ga2(GeO4)3,0.1709458493691873,3.84656402857246
Na3SiTe3__In2PO5,0.1953859732418137,1.9824095068961012
Na3SiTe3__SbPO5,0.06363052132789165,0.2814261088118237
Na3TiF8__HS2IO8,0.08098909991323357,0.02821624363681252
Na3TiF8__Sn5O6,0.04193467934579322,0.2156186220706977
Na4Al3Ge3IO12__K2TeH6SO10,0.06861973905612309,4.109033496387968
Na4Cd3Se5__K2SnCl6,0.1723414665738495,2.8498528523496915
Na4CdP2__K2ZnSe2,0.04424537082989865,0.9128286941700965
Na4Ge2PbS6__SbCl5,0.0699001107380371,0.033535301010055196
Na4Ge2Se5__Li2TiO3,0.1757187963014394,4.502628794879918
Na4Ge2Te5__K3P11,0.12209398682302611,8.662402174693238
Na4GeSe4__BrNO3,0.0854372285569565,0.03298353726602654
Na4SeO5__Al6Cd4TeO12,0.16229411315367706,1.2209702600065613
Na4Si2PbSe6__S3(NO7)2,0.05010729551302798,0.02516303191258551
Na4SiSe4__Ge4Se9,0.03253980619908748,0.28318027391780687
Na4SnO4__Ti6In2Si2P12O49,0.1812785534914087,2.730410819768605
Na4SnTe4__Ca(Ga3Te5)2,0.1717693447785194,1.0218538490681912
Na4TiP2O9__KGaI4,0.0999098386851138,1.3359905148994071
Na4TiP2O9__Na2Sb4O7,0.023945792941753457,0.5821346254545041
Na4TiP2O9__SeO2,0.0651401016213855,0.2068780856881145
Na5(InTe3)2__Ca3(AlAs2)2,0.16373284305483599,1.3206018556564296
Na5Al3H14__LiGa(H2N)4,0.0904047963057895,1.1854499909903797
Na5AlO4__Li2CdSiO4,0.06716375237263374,3.526334334873649
Na5AlO4__PbF4,0.11677513576409448,0.03527851590480591
Na5GaO4__Ca2GeS4,0.15392985788326582,1.768253821888438
Na5GaO4__CaTe2O5,0.04818716147854212,1.5078130070997968
Na5GeAs3__K6ZnSe4,0.18372080498438512,1.3340168062022175
Na5GeP3__K2Zn3O4,0.0925798905738649,1.3103405509514974
Na5GeP3__SnS,0.13939001860156494,1.5977360867446635
Na5InS4__Ca3Ga2Si(SnO6)2,0.17931088421397312,4.36830532998486
Na5InTe4__ICl,0.03281947299818064,0.05143226178262594
Na5SiAs3__K4Sb2O5,0.026148254927085394,1.3432325776979872
Na5SiP3__LiS4,0.28598301969506695,2.030739182651293
Na5SnP3__K2Li3GaO4,0.04582401741864099,0.1770555644532954
Na5SnP3__K2Sb4O11,0.09939583328915184,2.3999264016297053
Na5SnP3__K3In3(PO4)4,0.033860286308092374,0.05506022433178126
Na5SnP3__Na5InS4,0.1379471757697112,3.997467445409218
Na5Ti2Si2PO13__KSnPO5,0.17903477876596122,3.736304873058402
Na6GaAs3__KSnPO5,0.062140832720280995,0.20019949220087874
Na6GaAs3__Na2TiS2O,0.008611374403130718,0.1317887068385204
Na6GaP3__AsI5F6,0.11964084726490595,0.03360179731971691
Na6Ge2S7__PICl6,0.053341582687764545,0.020556582891674058
Na6Ge2Se7__LiAsO3,0.041223136358798304,0.17952174551688627
Na6P4Pb3S16__K2SnCl6,0.12245657009956522,2.7713246835077903
Na6P4Pb3S16__NaH2N,0.0950475283626159,0.49215379384723534
Na6S2O9__InOF,0.05884350993357952,1.0249725122656916
Na6S2O9__K2PS3,0.13315053773555846,2.5709808951536672
Na6ZnO4__P3BrCl14,0.008082341252042312,0.022807504168501413
Na6ZnSe4__Ca3In2(GeO4)3,0.17144409993970974,3.4327296425544844
Na7Al2Sb5__CdH3NO5,0.33109693135908597,0.03980966126622665
Na7Al2Sb5__Na6ZnSe4,0.04689823522041429,0.45890204445491767
Na8Ga2O7__NClOF4,0.19781476967709005,0.029884179095735597
Na8TiAs4__Na3Ga3(TeO6)2,0.06546133240034689,0.4550953524879333
NaAlSe2__Li2TiTeO6,0.1134449138983088,3.124942759129625
NaAsS2__K4Sb2O5,0.2786037346015681,1.2509524262438787
NaAsSe2__LiTiPO5,0.10938498509932422,1.74539988679661
NaAs__Ca(AlSe2)2,0.08035798139789888,0.07222491515585139
NaAs__CdP4,0.16172641166502663,0.5899505749735945
NaAs__PbBr2,0.051565846328056684,0.8618057823348821
NaCO3__AlTeI7,0.13692769907792998,3.731472046189594
NaCa2IO6__Na2Ti2Si2O9,0.20326456470774576,2.0608111931675097
NaCaAs__K2TeSe3,0.06095095108208613,0.6469882155068625
NaCdIn2(PO4)3__Ca3Si2SnO9,0.18079359968048084,2.395297421012576
NaCdIn2(PO4)3__GaSeBr7,0.025155540297747466,0.5278199005559348
NaCdPO4__LiInSiO4,0.16249284337967768,0.6778788609933946
NaCl7__InI2,0.0683959906839133,0.5160289550834376
NaGe__Ga(IO3)3,0.1300399996671477,0.6212569757800921
NaH2N__SO2,0.021246503620379893,0.26188318786468656
NaInS2__CaPS3,0.03609437331605991,1.2853398237521
NaInSe2__CaTe2O5,0.09673938208354549,0.03785487232889517
NaInSn2__CdSe2,0.039784727824331845,0.05289346122969185
NaInSn2__K2Pb2O3,0.05739612717107618,0.5252615599353314
NaInTe2__Na2Ga2GeS6,0.025075633922045204,0.12336042808862047
NaInTe2__PCBM,0.17318665774766928,0.02322707895514231
NaLi2Sb__K2Ti2O5,0.10985331670910797,0.09997740947972256
NaLi2Sb__Na5AlO4,0.08184769080953071,0.582220119166101
NaLiSe__K2Pb3C3O9F2,0.03844054326380539,0.1775354354597103
NaP3(PbO3)4__SIO3F,0.14803469675493644,0.0384748513346298
NaP7__CdF2,0.024078404441977497,0.08081701914197348
NaP__CaTi2(HO3)2,0.03416460573659731,0.16202103353518904
NaS2__Li3PS4,0.05273636458255031,1.3664647406565735
NaS2__Na2TiZn2GeO7,0.19412760054581596,4.632063013476268
NaS__KSi5N7,0.04968408373281264,0.14694561682314422
NaSb5O13__In6Te10Pb,0.08288830653748876,1.2214641688031747
NaSb5O13__Na2PS3,0.02670400566641697,1.2254602788306799
NaSbS2__K3GaSe3,0.08804287148786749,1.3283006494028946
NaSbTe2__LiTiAsO5,0.039957931722129865,0.06150581222074658
NaSe2__Na2In2SiS6,0.2637002838825967,0.23072735236051878
NaSe__Ca5P3H,0.13042696249683614,0.9404348516160382
NaTe3__NO2,0.20061731369787816,0.054626912137308636
NaTiSe4__CdCN2,0.094262806728933,0.024905490512014072
NaZnAsO4__GeO2,0.006323083536562415,0.33997585412855047
NaZnAsO4__K2TiSi3(HO5)2,0.2866383280698053,2.082916392503075
NaZnAs__K2Ge2PbS6,0.0773161946338989,3.579158952598091
NaZnAs__LiCa3Si2N5,0.05461343466992483,0.27089532421357676
P2Pb3O8__ZnH2N2O7,0.1320304205094417,1.8288702865465578
P2Pb4O9__CaZnAsHO5,0.05342426848510559,1.668346060329427
P2Pb4O9__Cd(NO3)2,0.09483805632905537,2.0597969793106086
P2S5__K3LiGe4,0.07356521656329472,0.033498363445815915
P3NCl12__AlInI4,0.14820352453885421,0.03785835041052055
P3NCl12__Ga2PbS4,0.09280335400447637,0.03517780091898404
P3NCl12__K3P11,0.03659526979222422,0.028243099013932405
P4S7__Ge3Pb5O11,0.10680500766015275,1.6536864160379936
P4S9__InCl3,0.017538019234169352,0.7573876323480959
P7Pb__Na2Ti2Si2O9,0.04910610757739435,0.14695221959390636
P7Pb__Na6S2O9,0.029692940786764557,0.44143770072899624
PCBM__Li3AsH16(SO2)4,0.18297750882579134,0.040642920755292966
PCBM__NaAlSe2,0.19183445732416507,0.020942037829045468
PICl6__K2SbCl5,0.05432141304452706,0.06245920909320768
PICl6__Na6Ge2S7,0.1152445881337967,0.06288459986792949
PICl8__TeBrO3F5,0.02599145591079251,0.5336560770244088
PTCDA__TeBrO3F5,0.06470853527409172,0.09275502118606704
P__IO2F,0.06214413387386337,0.01573212350276476
P__Sb2IBr2F11,0.030852698586233043,0.4198766306005126
Pb(IO3)2__NaHO,0.2360396894223834,3.050075406896923
Pb3SeO5__Ca(AlSe2)2,0.058832863634548815,0.05608709739071127
Pb5SO8__LiPH21S3N7,0.25045699028664764,3.245817970745801
PbI2__Li2GeN2,0.2097050484426257,1.2735915624690892
PbS__GaP,0.02853685135979545,0.7225998056751508
PbSe2O5__TeO2,0.1314189684023257,3.0177724858772574
Pentacene__Ge2S3Br2,0.09397227784614993,0.02458327836353691
Pentacene__LiCaAlN2,0.4033769856124033,0.008915603268768724
Rubrene__PPbS3,0.16892880636224883,0.03531342014830763
S(IO3)2__BrCl,0.12534208705976643,0.4121949409954566
S3(NO7)2__Na8Ga2O7,0.08499994354744193,0.01735643514768359
S3(NO7)2__NaSe2,0.09529085064781459,0.019640255785634775
SCl4__NaGa(SeO3)2,0.10691887358072387,0.03284947929228954
SCl__K3Si6H6N11,0.05356644212847659,0.04680287083264778
SCl__LiZnAs,0.315051563549886,0.020027615235205687
SICl7__CdH3NO5,0.03089377984512676,0.5847578286533177
SIO3F__Sb2PbO6,0.0235056345996732,0.012421375614767527
Sb2BrF15__GaTeI7,0.011648462480794455,0.09495943740289103
Sb2ClO2F11__GaP2I9,0.04120332119943544,0.026471936737482604
Sb2O5__K3Li3TeO6,0.1132544477413416,0.22792840039707185
Sb2S3__Na4GeO4,0.13885516371029016,0.9264786442471906
Sb2Se3__PbSeO4,0.06573363916883501,0.07292140737450215
Sb2Se3__Sn2SI2,0.14421130749175226,2.584960085548998
Sb2Te2O9__TiSn6F16,0.19058027208445516,0.9624721378591536
Sb4H2SO10__K3InP2,0.3213477150621666,0.03878456310693856
Sb9S4F39__K3As(PSe3)3,0.07815983961217034,0.016940554880263914
SbBr5F6__I2O5,0.2919896975122136,0.7528166001562391
SbBr5F6__KInTe2,0.02894783724844591,0.033044671690895644
SbBr5F6__Na2In2GeS6,0.04248231131181359,0.01757999659689302
SbBr5F6__NaP15,0.11741892383915546,0.04131057519034709
SbBrF8__Li3SbS4,0.11268815072076495,0.026123692012450572
SbCl(OF3)2__Na4Al3Ge3IO12,0.07808947106833344,0.027648747616033198
SbCl5__Li2Te,0.07163052050211761,0.014020001014535488
SbClF8__K3Na2SnAs3,0.4266362585661098,0.018222246231304418
SbI3__K2ZnH4(I2O7)2,0.11117836691355906,2.2238710791789136
SbN(OF3)2__NF2,0.035128808349956915,0.13083246369473622
SbP2O7__KIn7S8,0.0234223422666767,0.019761853089605097
SbPS4__CdSiP2,0.07455092516751749,1.307002764455567
SbSBr__AsSe6IF6,0.0522856936457166,1.5751424725588858
SbSI__Sb2IBr2F11,0.03574847849646326,0.2856331635600835
SeBr4__Li5SiP3,0.054472759422174555,0.031737358083015366
SiAs2__Na4SeO5,0.16407335085940228,4.423720651338774
SiAs__Ca(H2N)2,0.13274576820971468,1.729034664625877
SiAs__Na2HF4,0.18204602397690658,2.682943824436366
SiH17S3N5__Na6GaP3,0.06354192284584077,0.05637381137576147
SiSe2__Ca4CN4,0.11002320285409094,1.0547185436413538
SiSe2__Na2GeO3,0.0386656454886506,1.1746943272465116
Si__ZnSe2O5,0.09881550830479782,0.2691420966790372
Sn(SO4)2__Ca3AlAs3,0.07684631675835969,0.04193224585704014
Sn(SeO3)2__Zn(IO3)2,0.18458682110393104,1.6344884697812883
Sn2OF2__H3C3N5,0.34852346212177326,1.7281363282388869
Sn2SI2__SnTe3O8,0.1957423485594269,1.067870805451382
Sn2Sb2Pb4O13__InSb(P2O7)2,0.1481045296613497,4.458631184122535
SnF2__K11Cd2Sb5,0.3140651610686988,0.03327296981520833
SnO2__Al6Cd4SO12,0.06252973642325048,0.13342147581708907
SnO__Cd4P6SN12,0.06558509432492741,0.21177472860972113
SnO__K2Ga2As3,0.0526018341820424,0.04257734526985946
SnSe__GeSe,0.05646404791863699,0.2616484284032274
SnTe3O8__As2Pb3O8,0.21724755789146422,0.5958501365233381
TPD__Na5SnAs3,0.40543988045645335,0.05227835553526061
TPD__SbBr3,0.04900302115432569,0.07840029625321066
Te(HO)6__K4TiO4,0.05888250156642497,0.04750383339733322
Te(HO)6__NaCaAs,0.07578323297652265,0.06602779402915271
Te3(PbO4)2__TeO2,0.17203479537441663,1.107182790469526
Te3As2__Ca3AsCl3,0.09256161371333856,1.3736816455699428
Te3As2__LiSb3O8,0.13595548755110615,7.03643604153857
TeHO3__Cd(GaTe2)2,0.07931168177159252,0.04291498650336312
TeI4__P,0.10353919980562945,2.5270929254418197
TeI4__SbH36S4N11,0.11957947987345212,1.41303266668534
TeI__SnPS3,0.0773737186815645,0.935985929005684
TeO2__KInO2,0.07540822423856697,0.019410856484652683
TeO3__K4SnO4,0.06621706556057771,0.05374583526439869
TeO3__NaLiZnS2,0.05923376955264742,0.021104439569490374
TePb__NaAlAsO4F,0.08875268672380894,0.09145617128910866
TeS7Br2__CdBr2,0.11612281976616622,5.5341768599275865
TeS7Cl2__KTi2(PO4)3,0.051271161378764835,0.021435357294812274
TeS7Cl2__Na2LiAlH6,0.06652919072340202,0.022661355605925415
TeSe2__Na3SbO3,0.21595996746681137,0.19063063572995276
TeSe2__Zn3Cd3(TeO6)2,0.19272102648410996,1.6045656732422908
Ti(NO3)4__Zn(NO3)2,0.11822705196555855,2.8279688677953283
Ti(SO4)2__Sn2(SO4)3,0.04988365057000332,1.714190628060405
Ti(SeO3)2__Sb2S19F12,0.058251234146959256,0.24460389634650426
Ti2Sb2Pb4O13__SbSCl9,0.043057916940860655,0.4568351025839137
Ti4S24Cl6O__K5Na(Ti2Se9)3,0.10532389254928144,0.03761198639699215
Ti6In2Si2P12O49__Cd2AsHO5,0.0393103883866372,0.3452594496319743
TiBr4__LiZnPS4,0.07422879098670204,2.2121771493952234
TiI4__Al2ZnSe4,0.06957324108146484,1.6382271918029105
TiP2PbO8__Cd(NO3)2,0.0785932979487322,0.11508945664920578
TiSO5__Li4Zn(H2N)6,0.07595769455911117,1.3895867562620272
TiSnP2SO12__KSiSbO5,0.1545812948722743,1.9663825426909982
TiZn(SO4)3__ZnCN2,0.05434868512033004,0.16032951640565418
Zn(GaS2)2__SeCl4,0.10443913370846958,0.07751348251885215
Zn(GaSe2)2__K3AsS3,0.204779869054691,1.30422955292972
Zn(InSe2)2__Ca3(AlAs2)2,0.01746748227763684,0.7747808796368947
Zn(InSe2)2__TiZn(SO4)3,0.025024515262174394,0.6537519244988435
Zn(InTe2)2__Sb7Se8F35,0.0702027373879026,0.03811316561126077
Zn(InTe2)2__TePbO3,0.024648524266375624,0.8223231994571352
Zn(NO3)2__KTe,0.06608360580694848,0.11796707430105569
Zn(SbO3)2__Cd(AsO3)2,0.09986893126955478,3.91069964432102
Zn(SbO3)2__KSi5N7,0.13901831750130342,0.1341223941199634
Zn2(PS3)3__LiTi2(PO4)3,0.021887357631259832,0.503460815175115
Zn2AsHO5__HC2N3,0.0395782597762923,0.5344417167925419
Zn2AsHO5__K2LiSn4,0.08725635295507342,0.033046844480785875
Zn2Te3O8__SbClF8,0.03971380280350987,0.28466778405381277
Zn3(PO4)2__K3H(SeO4)2,0.05981395222092555,1.6161247159964887
Zn3Cd3(TeO6)2__TPD,0.014436716249182675,0.05822427627897975
Zn3P2__Ca3AsN,0.13209015829730134,6.975767804878753
Zn3TeO6__K2GaSb2,0.0057820279455641005,0.03320985538918242
ZnF2__K2LiInAs2,0.13092332658647224,0.04665006999922605
ZnGeP2__K2Ge(IO3)6,0.057281581331658095,1.744173190917528
ZnI2__P2Pb3O8,0.17302812949733748,4.7210478560939375
ZnSb4H18S7N6__Te2O3F2,0.02737559709798532,0.2373245442209062
ZnSe2__NaH2N,0.12429821792886536,4.978062216708698
ZnSe__KSb2PO8,0.10521092033821712,6.476062525199164
ZnSe__Li2ZnSn3O8,0.12828611352596742,2.410469303307428
ZnSe__NaAlAsO4F,0.018055263506589026,0.17823404366204176
ZnSiPbO4__Ca(SbO3)2,0.10436541893058776,3.3026486432180935
